"residue1","residue2","n_type","weight","description","full description"
"A1","A2","AG",0.859137921177,">>",">> (relaxed-n12cc-15)"
"A1","A2","AG",0.746584691139,"diagonal-c","diagonal-c (1)"
"A2","A1","GA",0.128059729305,"?HS_cis","?HS_cis (f1)"
"A2","A1","GA",0.960570082193,"<<","<< (relaxed-n12cc-4)"
"A2","A1","GA",0.0073222751601,"?H_0BR","?H_0BR (O2'-1)"
"A2","A1","GA",0.709424301104,"diagonal-c","diagonal-c (5)"
"A2","A3","GA",1.0,"base-ribose-stacking","base-ribose-stacking"
"A2","A3","GA",1.0,">>",">> (mo)"
"A2","A3","GA",0.764029946235,"diagonal-c","diagonal-c (5)"
"A3","A2","AG",1.0,"<<","<< (mo)"
"A3","A2","AG",0.128529915495,"?H_0BR","?H_0BR (O3'-1)"
"A3","A2","AG",0.803205917743,"diagonal-c","diagonal-c (5)"
"A3","A4","AG",1.0,"base-ribose-stacking","base-ribose-stacking"
"A3","A4","AG",1.0,">>",">> (mo)"
"A3","A4","AG",0.693083123073,"diagonal-c","diagonal-c (1)"
"A4","A3","GA",1.0,"<<","<< (mo)"
"A4","A3","GA",0.741787357716,"diagonal-c","diagonal-c (5)"
"A4","A5","GA",1.0,"base-ribose-stacking","base-ribose-stacking"
"A4","A5","GA",1.0,">>",">> (mo)"
"A4","A5","GA",0.765135628212,"diagonal-c","diagonal-c (5)"
"A5","A4","AG",1.0,"<<","<< (mo)"
"A5","A4","AG",0.190910783212,"?H_0BR","?H_0BR (O3'-1)"
"A5","A4","AG",0.784388450601,"diagonal-c","diagonal-c (5)"
"A5","A6","AA",1.0,"base-ribose-stacking","base-ribose-stacking"
"A5","A6","AA",1.0,">>",">> (mo)"
"A5","A6","AA",0.783042257812,"diagonal-c","diagonal-c (1)"
"A6","A5","AA",1.0,"<<","<< (mo)"
"A6","A5","AA",0.139125122452,"?H_0BR","?H_0BR (O3'-1)"
"A6","A5","AA",0.861439271607,"diagonal-c","diagonal-c (2)"
"A6","A7","AG",0.947696299582,">>",">> (relaxed-n12cc-9)"
"A6","A7","AG",0.735030777934,"diagonal-c","diagonal-c (1)"
"A7","A6","GA",0.977099948085,"<<","<< (relaxed-n12cc-7)"
"A7","A6","GA",0.112480977692,"?H_0BR","?H_0BR (O2'-1)"
"A7","A6","GA",0.688443939005,"diagonal-c","diagonal-c (5)"
"A7","A8","GA",1.0,"base-ribose-stacking","base-ribose-stacking"
"A7","A8","GA",1.0,">>",">> (mo)"
"A7","A8","GA",0.768584849369,"diagonal-c","diagonal-c (5)"
"A8","A7","AG",1.0,"<<","<< (mo)"
"A8","A7","AG",0.795143291723,"diagonal-c","diagonal-c (5)"
"A8","A7","AG",0.049800344529,"?H_0BPh","?H_0BPh (O5'-1)"
"A8","A7","AG",0.164401337999,"?H_0BR","?H_0BR (O3'-1)"
"A8","A9","AA",1.0,"base-ribose-stacking","base-ribose-stacking"
"A8","A9","AA",1.0,">>",">> (mo)"
"A8","A9","AA",0.747466956821,"diagonal-c","diagonal-c (1)"
"A9","A8","AA",1.0,"<<","<< (mo)"
"A9","A8","AA",0.858726373577,"diagonal-c","diagonal-c (2)"
"A9","A8","AA",0.032563408285,"?H_0BPh","?H_0BPh (O5'-1)"
"A9","A8","AA",0.0758815525565,"?H_0BR","?H_0BR (O3'-1)"
"A9","A10","AA",1.0,">>",">> (mo)"
"A9","A10","AA",0.801132420533,"diagonal-c","diagonal-c (1)"
"A10","A9","AA",1.0,"<<","<< (mo)"
"A10","A9","AA",0.1361251508,"?H_0BR","?H_0BR (O3'-1)"
"A10","A9","AA",0.858234622813,"diagonal-c","diagonal-c (2)"
"A10","A11","AG",1.0,"base-ribose-stacking","base-ribose-stacking"
"A10","A11","AG",0.943715358129,">>",">> (relaxed-n12cc-5)"
"A10","A11","AG",0.734736064625,"diagonal-c","diagonal-c (1)"
"A11","A10","GA",0.971336079144,"<<","<< (relaxed-n12cc-5)"
"A11","A10","GA",0.132618548268,"?H_0BR","?H_0BR (O3'-1)"
"A11","A10","GA",0.673902706302,"diagonal-c","diagonal-c (5)"
"A11","A12","GG",1.0,"base-ribose-stacking","base-ribose-stacking"
"A11","A12","GG",0.494878079072,"?diagonal-c","?diagonal-c (2)"
"A11","A12","GG",0.97114644492,">>",">> (relaxed-n12cc-10)"
"A12","A11","GG",0.991585187305,"<<","<< (relaxed-n12cc-10)"
"A12","A11","GG",0.682167175545,"diagonal-c","diagonal-c (5)"
"A12","A11","GG",0.0223444274992,"?H_0BPh","?H_0BPh (O5'-5)"
"A12","A11","GG",0.0972017565906,"?H_0BR","?H_0BR (O3'-1)"
"A12","A13","GG",1.0,"base-ribose-stacking","base-ribose-stacking"
"A12","A13","GG",0.47028785722,"?diagonal-c","?diagonal-c (2)"
"A12","A13","GG",0.955220175118,">>",">> (relaxed-n12cc-5)"
"A13","A12","GG",0.995692167619,"<<","<< (relaxed-n12cc-10)"
"A13","A12","GG",0.668147847433,"diagonal-c","diagonal-c (5)"
"A13","A12","GG",0.0285097881425,"?H_0BPh","?H_0BPh (O5'-5)"
"A13","A12","GG",0.0844915841364,"?H_0BR","?H_0BR (O3'-1)"
"A13","A14","GA",1.0,"base-ribose-stacking","base-ribose-stacking"
"A13","A14","GA",1.0,">>",">> (mo)"
"A13","A14","GA",0.768880660853,"diagonal-c","diagonal-c (5)"
"A14","A13","AG",1.0,"<<","<< (mo)"
"A14","A13","AG",0.79270229986,"diagonal-c","diagonal-c (5)"
"A14","A13","AG",0.0486465414432,"?H_0BPh","?H_0BPh (O5'-1)"
"A14","A13","AG",0.16622800296,"?H_0BR","?H_0BR (O3'-1)"
"A14","A15","AA",1.0,"base-ribose-stacking","base-ribose-stacking"
"A14","A15","AA",1.0,">>",">> (mo)"
"A15","A14","AA",1.0,"<<","<< (mo)"
"A15","A14","AA",0.0299661607754,"?H_0BPh","?H_0BPh (O5'-1)"
"A15","A14","AA",0.106694200665,"?H_0BR","?H_0BR (O3'-1)"
"A15","A16","AA",1.0,"base-ribose-stacking","base-ribose-stacking"
"A15","A16","AA",1.0,">>",">> (mo)"
"A15","A16","AA",0.79578470999,"diagonal-c","diagonal-c (1)"
"A16","A15","AA",1.0,"<<","<< (mo)"
"A16","A15","AA",0.110172192054,"?H_0BR","?H_0BR (O3'-1)"
"A16","A15","AA",0.859848296228,"diagonal-c","diagonal-c (2)"
"A16","A17","AU",1.0,"base-ribose-stacking","base-ribose-stacking"
"A16","A17","AU",1.0,">>",">> (mo)"
"A17","A16","UA",1.0,"<<","<< (mo)"
"A17","A16","UA",0.0177576090982,"?H_0BPh","?H_0BPh (O5'-1)"
"A17","A16","UA",0.201652390221,"?H_0BR","?H_0BR (O3'-1)"
"A17","A18","UU",1.0,">>",">> (mo)"
"A17","A18","UU",0.627853865931,"diagonal-c","diagonal-c (5)"
"A18","A17","UU",1.0,"<<","<< (mo)"
"A18","A17","UU",0.0714820150251,"?H_0BR","?H_0BR (O3'-1)"
"A18","A17","UU",0.686245528608,"diagonal-c","diagonal-c (1)"
"A18","A19","UU",1.0,">>",">> (mo)"
"A18","A19","UU",0.666245210118,"diagonal-c","diagonal-c (5)"
"A19","A18","UU",1.0,"<<","<< (mo)"
"A19","A18","UU",0.0550679897315,"?H_0BR","?H_0BR (O3'-1)"
"A19","A18","UU",0.656039231858,"diagonal-c","diagonal-c (1)"
"A19","A20","UU",1.0,">>",">> (mo)"
"A20","A19","UU",0.0420507584459,"?H_789BPh","?H_789BPh (OP2-1)"
"A20","A19","UU",1.0,"<<","<< (mo)"
"A20","A19","UU",0.0770807184699,"?H_0BR","?H_0BR (O3'-1)"
"A20","A21","UU",1.0,">>",">> (mo)"
"A20","A21","UU",0.680258581233,"diagonal-c","diagonal-c (5)"
"A21","A20","UU",1.0,"<<","<< (mo)"
"A21","A20","UU",0.0799523687967,"?H_0BR","?H_0BR (O3'-1)"
"A21","A20","UU",0.656075132116,"diagonal-c","diagonal-c (1)"
"A21","A22","UU",1.0,">>",">> (mo)"
"A22","A21","UU",1.0,"<<","<< (mo)"
"A22","A21","UU",0.136073092762,"?H_0BR","?H_0BR (O3'-1)"
"A22","A23","UU",1.0,">>",">> (mo)"
"A22","A23","UU",0.70525113564,"diagonal-c","diagonal-c (5)"
"A23","A22","UU",1.0,"<<","<< (mo)"
"A23","A22","UU",0.0894674997176,"?H_0BR","?H_0BR (O3'-1)"
"A23","A22","UU",0.647609318147,"diagonal-c","diagonal-c (1)"
"A23","A24","UU",1.0,">>",">> (mo)"
"A24","A23","UU",1.0,"<<","<< (mo)"
"A24","A23","UU",0.0802062532523,"?H_0BR","?H_0BR (O3'-1)"
"A24","A25","UU",1.0,">>",">> (mo)"
"A24","A25","UU",0.673079841307,"diagonal-c","diagonal-c (5)"
"A25","A24","UU",1.0,"<<","<< (mo)"
"A25","A24","UU",0.0409575633533,"?H_0BR","?H_0BR (O2'-5)"
"A25","A24","UU",0.646564886782,"diagonal-c","diagonal-c (1)"
"A25","A26","UU",1.0,">>",">> (mo)"
"A26","A25","UU",0.0515323386023,"?H_789BPh","?H_789BPh (OP2-1)"
"A26","A25","UU",1.0,"<<","<< (mo)"
"A26","A25","UU",0.0792895044108,"?H_0BR","?H_0BR (O3'-1)"
"A26","A27","UU",1.0,">>",">> (mo)"
"A26","A27","UU",0.693615810053,"diagonal-c","diagonal-c (5)"
"A27","A26","UU",1.0,"<<","<< (mo)"
"A27","A26","UU",0.053097611454,"?H_0BR","?H_0BR (O3'-1)"
"A27","A26","UU",0.655629529313,"diagonal-c","diagonal-c (1)"
"A27","A28","UU",1.0,">>",">> (mo)"
"A27","A28","UU",0.651936722401,"diagonal-c","diagonal-c (5)"
"A28","A27","UU",1.0,"<<","<< (mo)"
"A28","A27","UU",0.0441027078735,"?H_0BR","?H_0BR (O3'-1)"
"A28","A27","UU",0.683415864564,"diagonal-c","diagonal-c (1)"
"A28","A29","UU",1.0,">>",">> (mo)"
"A29","A28","UU",0.0546586243739,"?H_789BPh","?H_789BPh (OP2-1)"
"A29","A28","UU",1.0,"<<","<< (mo)"
"A29","A28","UU",0.103662677489,"?H_0BR","?H_0BR (O3'-1)"
"A29","A30","UU",1.0,">>",">> (mo)"
"A29","A30","UU",0.734359362569,"diagonal-c","diagonal-c (5)"
"A30","A29","UU",1.0,"<<","<< (mo)"
"A30","A29","UU",0.103704244193,"?H_0BR","?H_0BR (O2'-5)"
"A30","A29","UU",0.624684682642,"diagonal-c","diagonal-c (1)"
"A30","A31","UU",1.0,">>",">> (mo)"
"A31","A30","UU",0.0663485433896,"?H_789BPh","?H_789BPh (OP2-1)"
"A31","A30","UU",1.0,"<<","<< (mo)"
"A31","A30","UU",0.075863586502,"?H_0BR","?H_0BR (O3'-1)"
"A31","A32","UU",1.0,">>",">> (mo)"
"A31","A32","UU",0.67446542755,"diagonal-c","diagonal-c (5)"
"A32","A31","UU",1.0,"<<","<< (mo)"
"A32","A31","UU",0.0130673401329,"?H_0BR","?H_0BR (O3'-1)"
"A32","A31","UU",0.666252317338,"diagonal-c","diagonal-c (1)"
